Customer ID,Company Name,City,Country,State,Company Strength,Company Revenue,Estd before 2009,Decline AMC Contract,Lead Source,Repeat Customer,Roadshow,Phone Call,Brochures,Payment default in last 5 years,Converted
440,"McDermott, Goyette and Jones",Sparks,United States,Nevada,3610,"$6,569,799.45 ",TRUE,TRUE,Telephonic,TRUE,Attended Multiple events,Answered,Downloaded,FALSE,1
115,Runolfsdottir-Conn,Austin,United States,Texas,4796,"$1,716,911.30 ",TRUE,FALSE,Email,FALSE,Attended,Answered,Viewed,FALSE,0
85,Wisoky LLC,Madison,United States,Wisconsin,983,"$3,565,805.97 ",FALSE,TRUE,Telephonic,FALSE,Attended,Call lasted more than 2+ minutes,Viewed,TRUE,1
772,Koch-Ebert,San Luis Obispo,United States,California,1201,"$3,699,852.63 ",TRUE,FALSE,Email,TRUE,Registered,Called in (inbound call),Downloaded,TRUE,1
638,Mante-Sawayn,Wichita Falls,United States,Texas,3934,"$5,540,524.57 ",TRUE,TRUE,Telephonic,FALSE,Attended Multiple events,Answered,Downloaded,TRUE,1
556,"Little, Adams and Turcotte",Louisville,United States,Kentucky,3108,"$9,767,535.85 ",FALSE,TRUE,Telephonic,TRUE,Attended Multiple events,Call lasted more than 15+ minutes,Viewed,TRUE,1
698,Erdman and Sons,Corpus Christi,United States,Texas,3759,"$8,241,915.99 ",TRUE,TRUE,Telephonic,TRUE,Attended Multiple events,Answered,Viewed multiple times,TRUE,1
698,Lebsack-O'Keefe,Boulder,United States,Colorado,4225,"$489,094.55 ",TRUE,TRUE,Telephonic,FALSE,Registered,Answered,Viewed multiple times,TRUE,0
770,"Pfeffer, Bauch and O'Keefe",Harrisburg,United States,Pennsylvania,617,"$9,478,592.42 ",FALSE,TRUE,RFQ,TRUE,Attended Multiple events,Called in (inbound call),Viewed,TRUE,1
410,"Mante, Kihn and Stamm",Salinas,United States,California,3115,"$3,375,689.49 ",TRUE,TRUE,RFQ,TRUE,Registered,Call lasted more than 2+ minutes,Viewed,TRUE,0
659,"Vandervort, Kozey and Grant",Montgomery,United States,Alabama,4044,"$7,191,664.86 ",TRUE,TRUE,Dealer,FALSE,Attended,Called in (inbound call),Viewed,TRUE,1
967,Kutch-Batz,Gatesville,United States,Texas,879,"$8,280,451.10 ",TRUE,TRUE,Email,TRUE,Attended,Called in (inbound call),Viewed multiple times,FALSE,1
222,Hudson-Zboncak,Fort Lauderdale,United States,Florida,626,"$3,503,667.02 ",TRUE,TRUE,RFQ,TRUE,Registered,Answered,Downloaded,FALSE,1
532,"Anderson, Hickle and Stark",Amarillo,United States,Texas,3448,"$6,020,168.72 ",TRUE,TRUE,RFQ,TRUE,Attended,Answered,Viewed,FALSE,1
317,"Bahringer, Parker and Doyle",New York City,United States,New York,2861,"$2,748,502.35 ",FALSE,FALSE,Dealer,FALSE,Attended Multiple events,Call lasted more than 2+ minutes,Downloaded,FALSE,0
200,"Marks, Wuckert and Johnson",Lubbock,United States,Texas,523,"$9,901,635.89 ",TRUE,TRUE,Email,TRUE,Attended Multiple events,Called in (inbound call),Viewed,TRUE,1
584,Schimmel-Goldner,Saint Louis,United States,Missouri,3643,"$8,782,209.52 ",TRUE,TRUE,Telephonic,TRUE,Attended,Answered,Downloaded,TRUE,1
168,Wintheiser Group,Portland,United States,Oregon,2846,"$8,355,843.58 ",TRUE,FALSE,Dealer,TRUE,Attended Multiple events,Called in (inbound call),Viewed,TRUE,1
276,Lebsack LLC,El Paso,United States,Texas,3551,"$4,921,475.32 ",TRUE,FALSE,Dealer,TRUE,Attended,Called in (inbound call),Viewed,TRUE,1
147,Johnston and Sons,Lafayette,United States,Louisiana,4886,"$7,631,526.08 ",TRUE,TRUE,Telephonic,FALSE,Registered,Call lasted more than 15+ minutes,Downloaded,TRUE,1
273,Fay-D'Amore,Mansfield,United States,Ohio,2812,"$1,666,594.49 ",FALSE,FALSE,Email,TRUE,Registered,Call lasted more than 15+ minutes,Downloaded,FALSE,0
244,"VonRueden, Dare and Schimmel",El Paso,United States,Texas,2601,"$2,301,766.59 ",FALSE,FALSE,Email,FALSE,Attended Multiple events,Call lasted more than 2+ minutes,Viewed,FALSE,0
4,VonRueden-Christiansen,Durham,United States,North Carolina,4674,"$3,382,567.51 ",TRUE,TRUE,Telephonic,TRUE,Attended,Call lasted more than 15+ minutes,Downloaded,TRUE,1
142,Anderson-Baumbach,Dallas,United States,Texas,986,"$6,900,564.12 ",TRUE,TRUE,Telephonic,TRUE,Attended,Answered,Downloaded,TRUE,1
337,Zboncak Group,Orlando,United States,Florida,3774,"$2,926,631.21 ",FALSE,FALSE,RFQ,FALSE,Attended Multiple events,Call lasted more than 2+ minutes,Downloaded,FALSE,0
468,"Raynor, Bechtelar and Willms",Rochester,United States,New York,3219,"$6,920,146.90 ",TRUE,TRUE,Email,TRUE,Registered,Called in (inbound call),Viewed multiple times,TRUE,1
829,Kuvalis Inc,New York City,United States,New York,4741,"$9,781,619.94 ",TRUE,TRUE,Telephonic,FALSE,Attended,Called in (inbound call),Viewed multiple times,TRUE,1
418,"Botsford, Ankunding and Schmeler",Indianapolis,United States,Indiana,3392,"$3,536,329.89 ",TRUE,TRUE,Dealer,TRUE,Attended,Called in (inbound call),Viewed multiple times,TRUE,1
874,"Waelchi, Ernser and Luettgen",Jamaica,United States,New York,872,"$7,715,104.62 ",TRUE,TRUE,RFQ,TRUE,Attended,Called in (inbound call),Viewed,TRUE,1
174,Legros Group,Ogden,United States,Utah,1419,"$1,712,503.12 ",TRUE,FALSE,Dealer,FALSE,Attended Multiple events,Answered,Downloaded,TRUE,0
767,"Powlowski, Wilkinson and Kessler",Bakersfield,United States,California,2487,"$9,348,287.62 ",TRUE,TRUE,Email,TRUE,Attended,Called in (inbound call),Viewed multiple times,FALSE,1
368,Trantow-Lebsack,Oklahoma City,United States,Oklahoma,4093,"$7,430,250.40 ",TRUE,TRUE,Telephonic,FALSE,Attended,Call lasted more than 15+ minutes,Viewed,TRUE,1
12,"Jerde, Ziemann and Cormier",Van Nuys,United States,California,4475,"$7,794,984.59 ",TRUE,TRUE,Telephonic,TRUE,Attended,Called in (inbound call),Viewed multiple times,TRUE,1
220,"Fay, Veum and Hermann",New York City,United States,New York,4116,"$5,130,488.29 ",TRUE,TRUE,Email,TRUE,Registered,Call lasted more than 2+ minutes,Downloaded,FALSE,1
526,Christiansen-Mante,South Bend,United States,Indiana,2518,"$9,822,762.72 ",TRUE,TRUE,RFQ,TRUE,Registered,Answered,Viewed multiple times,FALSE,1
417,Bartell and Sons,Indianapolis,United States,Indiana,1119,"$6,476,863.67 ",FALSE,TRUE,Dealer,TRUE,Registered,Answered,Viewed,FALSE,1
520,Hettinger-Abbott,Denton,United States,Texas,1514,"$3,717,172.33 ",TRUE,TRUE,Telephonic,TRUE,Registered,Call lasted more than 2+ minutes,Viewed,TRUE,1
640,Purdy Inc,Tacoma,United States,Washington,2364,"$7,123,933.98 ",TRUE,FALSE,Email,FALSE,Attended,Call lasted more than 2+ minutes,Downloaded,TRUE,1
817,Turcotte-Hackett,Mansfield,United States,Ohio,3225,"$3,365,295.25 ",FALSE,FALSE,Email,FALSE,Attended Multiple events,Call lasted more than 2+ minutes,Viewed,FALSE,0
929,Roob-Halvorson,Aiken,United States,South Carolina,1717,"$3,311,304.71 ",FALSE,TRUE,RFQ,FALSE,Attended,Call lasted more than 2+ minutes,Viewed multiple times,TRUE,0
171,Sauer-Stoltenberg,El Paso,United States,Texas,4457,"$8,841,459.32 ",TRUE,TRUE,RFQ,TRUE,Attended,Called in (inbound call),Viewed,TRUE,1
134,Goyette-Funk,Amarillo,United States,Texas,4655,"$3,142,794.69 ",FALSE,TRUE,Email,FALSE,Attended,Call lasted more than 2+ minutes,Viewed multiple times,FALSE,0
958,"Heidenreich, Barton and Beahan",Washington,United States,District of Columbia,1622,"$2,183,495.15 ",FALSE,FALSE,Telephonic,FALSE,Attended,Called in (inbound call),Downloaded,FALSE,0
166,Emmerich LLC,Kansas City,United States,Missouri,4706,"$8,907,207.27 ",TRUE,TRUE,RFQ,TRUE,Attended,Called in (inbound call),Viewed multiple times,TRUE,1
344,"Conroy, Jast and Metz",Durham,United States,North Carolina,1106,"$9,355,435.52 ",TRUE,TRUE,Dealer,TRUE,Registered,Call lasted more than 15+ minutes,Downloaded,TRUE,1
792,"Hudson, Collins and Gerlach",Canton,United States,Ohio,3995,"$6,185,233.82 ",TRUE,TRUE,Telephonic,TRUE,Registered,Call lasted more than 2+ minutes,Viewed multiple times,TRUE,1
314,Corkery-Mosciski,Long Beach,United States,California,3501,"$5,540,606.40 ",TRUE,TRUE,Telephonic,TRUE,Attended Multiple events,Answered,Viewed multiple times,TRUE,1
673,"Steuber, Rodriguez and Bartell",Schenectady,United States,New York,2010,"$4,193,847.29 ",TRUE,FALSE,Dealer,TRUE,Registered,Answered,Viewed multiple times,TRUE,1
505,Kovacek LLC,Mobile,United States,Alabama,4983,"$5,475,075.76 ",TRUE,TRUE,Dealer,TRUE,Registered,Called in (inbound call),Downloaded,TRUE,1
479,Spinka-Shields,Houston,United States,Texas,1458,"$9,801,436.49 ",TRUE,FALSE,Dealer,TRUE,Attended,Answered,Downloaded,TRUE,1
727,"Harber, Schaden and Klein",Salt Lake City,United States,Utah,1283,"$8,616,817.81 ",TRUE,FALSE,Email,TRUE,Attended,Call lasted more than 2+ minutes,Viewed,FALSE,1
889,Graham Group,Baltimore,United States,Maryland,3302,"$7,797,112.66 ",TRUE,FALSE,Email,FALSE,Attended,Call lasted more than 2+ minutes,Downloaded,FALSE,1
362,Dooley-Halvorson,Saint Augustine,United States,Florida,2192,"$3,430,808.66 ",TRUE,TRUE,RFQ,TRUE,Attended,Answered,Viewed multiple times,TRUE,1
838,Will and Sons,Bakersfield,United States,California,3550,"$5,622,576.55 ",TRUE,TRUE,RFQ,TRUE,Attended,Call lasted more than 2+ minutes,Viewed multiple times,TRUE,1
431,McGlynn Inc,Des Moines,United States,Iowa,4772,"$3,048,244.76 ",FALSE,FALSE,Email,FALSE,Registered,Called in (inbound call),Downloaded,FALSE,0
140,MacGyver-Ruecker,Waltham,United States,Massachusetts,1656,"$7,955,761.86 ",TRUE,TRUE,Telephonic,TRUE,Registered,Call lasted more than 2+ minutes,Viewed multiple times,TRUE,1
128,Kuhic Group,Corpus Christi,United States,Texas,3534,"$5,390,267.66 ",TRUE,TRUE,Dealer,TRUE,Attended,Call lasted more than 2+ minutes,Viewed multiple times,TRUE,1
814,Kunde-Nolan,San Jose,United States,California,2512,"$7,501,944.60 ",TRUE,TRUE,Email,TRUE,Attended,Call lasted more than 15+ minutes,Viewed,TRUE,1
545,Satterfield LLC,Atlanta,United States,Georgia,4966,"$4,678,070.51 ",TRUE,FALSE,RFQ,TRUE,Registered,Answered,Viewed,TRUE,1
560,Rodriguez Inc,Providence,United States,Rhode Island,2559,"$1,146,542.91 ",FALSE,FALSE,RFQ,FALSE,Attended,Answered,Downloaded,FALSE,0
742,Kertzmann and Sons,Roanoke,United States,Virginia,4708,"$9,959,190.11 ",TRUE,TRUE,Telephonic,TRUE,Attended Multiple events,Called in (inbound call),Viewed multiple times,TRUE,1
45,Ward Group,Louisville,United States,Kentucky,784,"$990,182.49 ",FALSE,FALSE,Email,FALSE,Attended,Call lasted more than 2+ minutes,Downloaded,FALSE,0
898,Kshlerin-Mohr,Panama City,United States,Florida,1950,"$429,259.36 ",FALSE,FALSE,Dealer,FALSE,Attended Multiple events,Answered,Viewed multiple times,TRUE,0
239,Krajcik-Klein,Dallas,United States,Texas,3299,"$215,221.09 ",TRUE,TRUE,Telephonic,FALSE,Attended,Answered,Viewed,TRUE,0
473,Lebsack-Moore,Erie,United States,Pennsylvania,1154,"$4,344,966.29 ",FALSE,TRUE,Email,TRUE,Registered,Called in (inbound call),Viewed,TRUE,1
886,Emard and Sons,Fort Smith,United States,Arkansas,3904,"$4,621,314.42 ",FALSE,TRUE,Email,TRUE,Attended Multiple events,Call lasted more than 15+ minutes,Viewed multiple times,TRUE,1
814,Block Inc,Cape Coral,United States,Florida,1203,"$6,790,197.65 ",FALSE,TRUE,Email,TRUE,Attended,Called in (inbound call),Downloaded,FALSE,1
441,Bogan-Krajcik,Albany,United States,New York,1586,"$8,798,224.93 ",FALSE,TRUE,Telephonic,TRUE,Attended,Call lasted more than 15+ minutes,Viewed multiple times,TRUE,1
807,Doyle-Jast,Dulles,United States,Virginia,3459,"$2,601,135.18 ",FALSE,FALSE,Telephonic,FALSE,Registered,Called in (inbound call),Downloaded,FALSE,0
157,Schamberger-Cummings,Concord,United States,California,807,"$117,001.47 ",TRUE,FALSE,RFQ,FALSE,Attended Multiple events,Call lasted more than 2+ minutes,Viewed,TRUE,0
583,"Wolff, Murray and Bauch",Baltimore,United States,Maryland,841,"$770,211.92 ",TRUE,TRUE,RFQ,FALSE,Attended,Called in (inbound call),Viewed multiple times,TRUE,0
238,Prosacco LLC,Memphis,United States,Tennessee,4307,"$1,041,609.38 ",FALSE,FALSE,Dealer,FALSE,Attended Multiple events,Call lasted more than 15+ minutes,Downloaded,TRUE,0
363,Lemke-Spencer,Atlanta,United States,Georgia,663,"$4,738,123.60 ",TRUE,TRUE,Email,TRUE,Attended Multiple events,Answered,Viewed,TRUE,1
87,Christiansen-Dicki,Oceanside,United States,California,4100,"$3,453,092.06 ",TRUE,TRUE,Dealer,TRUE,Attended,Called in (inbound call),Downloaded,TRUE,1
49,Collins-Terry,Jersey City,United States,New Jersey,4786,"$5,444,120.23 ",TRUE,TRUE,Email,FALSE,Registered,Call lasted more than 2+ minutes,Viewed,TRUE,1
31,Rath-Dach,Las Vegas,United States,Nevada,797,"$4,200,529.13 ",TRUE,TRUE,Dealer,TRUE,Attended Multiple events,Called in (inbound call),Viewed,TRUE,1
284,"Rutherford, Hessel and Krajcik",Louisville,United States,Kentucky,4143,"$2,400,041.82 ",FALSE,FALSE,Email,FALSE,Attended Multiple events,Answered,Downloaded,FALSE,0
905,"Bogan, Vandervort and Huel",Austin,United States,Texas,4490,"$8,550,461.31 ",TRUE,TRUE,Telephonic,TRUE,Registered,Call lasted more than 15+ minutes,Viewed multiple times,TRUE,1
313,Yundt Inc,Albany,United States,New York,4088,"$5,365,789.94 ",TRUE,TRUE,RFQ,TRUE,Attended,Call lasted more than 15+ minutes,Viewed,TRUE,1
17,Davis-McDermott,Des Moines,United States,Iowa,2739,"$4,095,304.06 ",TRUE,TRUE,RFQ,TRUE,Attended Multiple events,Answered,Downloaded,TRUE,1
88,Batz and Sons,Wilkes Barre,United States,Pennsylvania,3068,"$6,565,070.63 ",TRUE,TRUE,Email,TRUE,Attended Multiple events,Call lasted more than 15+ minutes,Viewed,TRUE,1
329,Koelpin-Davis,Pueblo,United States,Colorado,1869,"$3,448,172.68 ",TRUE,FALSE,Telephonic,TRUE,Attended,Called in (inbound call),Viewed multiple times,TRUE,1
183,"Smitham, Baumbach and Von",Dallas,United States,Texas,1299,"$556,245.61 ",FALSE,FALSE,Email,FALSE,Registered,Answered,Viewed,FALSE,0
288,"Zieme, Rau and Hickle",Miami,United States,Florida,1369,"$4,831,763.92 ",TRUE,TRUE,Dealer,TRUE,Registered,Call lasted more than 15+ minutes,Viewed,TRUE,1
787,Anderson-Mitchell,Salt Lake City,United States,Utah,3048,"$7,296,437.37 ",TRUE,FALSE,Dealer,TRUE,Registered,Called in (inbound call),Viewed multiple times,TRUE,1
539,"Eichmann, Hermiston and Hauck",Detroit,United States,Michigan,4816,"$4,971,568.34 ",TRUE,TRUE,Telephonic,TRUE,Attended Multiple events,Call lasted more than 15+ minutes,Viewed multiple times,TRUE,1
170,Ruecker-Gerhold,Baton Rouge,United States,Louisiana,2573,"$8,876,474.65 ",TRUE,FALSE,RFQ,TRUE,Registered,Call lasted more than 2+ minutes,Downloaded,TRUE,1
303,Welch-Nikolaus,Dallas,United States,Texas,4821,"$9,605,586.38 ",TRUE,TRUE,RFQ,TRUE,Attended,Call lasted more than 15+ minutes,Viewed,TRUE,1
180,Johnson-Steuber,Aiken,United States,South Carolina,3734,"$2,640,700.78 ",FALSE,FALSE,Dealer,FALSE,Attended,Called in (inbound call),Viewed,FALSE,0
459,"Blanda, Feest and Keebler",Oakland,United States,California,3482,"$4,154,576.60 ",FALSE,TRUE,Telephonic,FALSE,Attended Multiple events,Answered,Downloaded,TRUE,1
625,"Kiehn, Blick and Beatty",Washington,United States,District of Columbia,4979,"$4,402,146.46 ",TRUE,TRUE,Dealer,TRUE,Attended Multiple events,Call lasted more than 15+ minutes,Viewed multiple times,TRUE,1
728,"Considine, Prosacco and Hand",Buffalo,United States,New York,2810,"$6,954,919.14 ",FALSE,TRUE,Email,TRUE,Registered,Answered,Downloaded,TRUE,1
998,Blanda-Connelly,Portland,United States,Oregon,1459,"$5,215,663.21 ",TRUE,TRUE,Email,TRUE,Attended Multiple events,Call lasted more than 2+ minutes,Viewed multiple times,TRUE,1
828,Erdman-Langworth,Houston,United States,Texas,853,"$1,099,056.64 ",FALSE,FALSE,Email,TRUE,Attended Multiple events,Call lasted more than 15+ minutes,Viewed multiple times,FALSE,0
728,Lang Group,Portland,United States,Oregon,696,"$5,064,182.10 ",FALSE,TRUE,Email,TRUE,Attended,Called in (inbound call),Viewed,TRUE,1
903,Luettgen LLC,Seattle,United States,Washington,2574,"$6,076,463.45 ",TRUE,TRUE,Email,TRUE,Attended Multiple events,Call lasted more than 2+ minutes,Viewed,TRUE,1
684,"Dare, Bayer and Terry",Decatur,United States,Georgia,3021,"$5,987,101.53 ",TRUE,TRUE,Telephonic,TRUE,Attended,Call lasted more than 2+ minutes,Downloaded,TRUE,1
243,Tremblay Group,Vienna,United States,Virginia,3089,"$2,196,518.26 ",FALSE,FALSE,RFQ,FALSE,Registered,Called in (inbound call),Viewed,FALSE,0
913,"Murazik, Rippin and Lynch",Albuquerque,United States,New Mexico,2629,"$788,850.06 ",FALSE,FALSE,RFQ,FALSE,Attended,Called in (inbound call),Viewed,FALSE,0
683,Runolfsson-Huels,San Antonio,United States,Texas,4742,"$6,002,582.36 ",TRUE,TRUE,Telephonic,TRUE,Registered,Answered,Downloaded,TRUE,1
546,Emard Inc,Albuquerque,United States,New Mexico,2373,"$9,479,405.06 ",TRUE,FALSE,RFQ,TRUE,Registered,Answered,Viewed multiple times,FALSE,1
333,Price-Hodkiewicz,Washington,United States,District of Columbia,4458,"$3,920,874.02 ",TRUE,TRUE,RFQ,TRUE,Attended,Call lasted more than 15+ minutes,Viewed,TRUE,1
522,"Luettgen, Wiegand and Okuneva",Chicago,United States,Illinois,1090,"$8,797,198.21 ",TRUE,TRUE,Dealer,TRUE,Attended Multiple events,Call lasted more than 15+ minutes,Downloaded,TRUE,1
460,"Adams, Conroy and Runolfsson",Charlotte,United States,North Carolina,2354,"$4,614,438.48 ",TRUE,TRUE,RFQ,FALSE,Attended,Call lasted more than 2+ minutes,Viewed,TRUE,1
704,Spencer-Grimes,Racine,United States,Wisconsin,2128,"$6,599,339.48 ",TRUE,FALSE,RFQ,TRUE,Attended Multiple events,Call lasted more than 15+ minutes,Viewed multiple times,TRUE,1
275,Auer Inc,Charleston,United States,West Virginia,4522,"$204,399.57 ",FALSE,FALSE,Email,FALSE,Attended,Call lasted more than 15+ minutes,Downloaded,FALSE,0
492,DuBuque-Baumbach,Richmond,United States,Virginia,4203,"$7,643,078.10 ",TRUE,TRUE,Email,TRUE,Registered,Call lasted more than 2+ minutes,Viewed,FALSE,1
853,Roob and Sons,Morgantown,United States,West Virginia,4341,"$6,481,629.60 ",TRUE,TRUE,RFQ,TRUE,Attended Multiple events,Call lasted more than 2+ minutes,Downloaded,TRUE,1
790,Roberts-Abbott,Schenectady,United States,New York,3655,"$3,479,883.57 ",TRUE,TRUE,Dealer,TRUE,Attended,Call lasted more than 2+ minutes,Viewed multiple times,TRUE,1
771,"Mertz, Walsh and Howe",Shreveport,United States,Louisiana,2775,"$3,224,797.75 ",TRUE,FALSE,RFQ,FALSE,Attended Multiple events,Called in (inbound call),Downloaded,TRUE,0
286,Doyle-Hyatt,Brooklyn,United States,New York,692,"$5,180,461.06 ",TRUE,FALSE,Telephonic,FALSE,Attended Multiple events,Call lasted more than 2+ minutes,Downloaded,TRUE,1
386,Kilback Group,Baltimore,United States,Maryland,637,"$2,631,461.25 ",TRUE,FALSE,Email,FALSE,Attended Multiple events,Call lasted more than 15+ minutes,Viewed multiple times,FALSE,0
438,Walker-Nikolaus,West Palm Beach,United States,Florida,3470,"$7,582,502.37 ",TRUE,TRUE,Dealer,TRUE,Attended Multiple events,Call lasted more than 15+ minutes,Downloaded,TRUE,1
876,Douglas Group,Lynchburg,United States,Virginia,4798,"$5,785,812.01 ",TRUE,TRUE,Dealer,TRUE,Attended,Call lasted more than 15+ minutes,Viewed multiple times,TRUE,1
250,"Labadie, Blick and Gislason",Boston,United States,Massachusetts,3828,"$2,401,754.96 ",TRUE,FALSE,Dealer,FALSE,Attended,Answered,Downloaded,FALSE,0
941,Barton-Rosenbaum,Atlanta,United States,Georgia,1763,"$6,279,648.11 ",TRUE,TRUE,RFQ,TRUE,Registered,Called in (inbound call),Viewed multiple times,TRUE,1
408,Waelchi Inc,Houston,United States,Texas,3854,"$940,361.72 ",FALSE,FALSE,Dealer,FALSE,Attended,Answered,Downloaded,FALSE,0
761,"Ward, Daniel and Leuschke",Sunnyvale,United States,California,557,"$7,225,993.75 ",TRUE,TRUE,Email,TRUE,Attended Multiple events,Answered,Viewed multiple times,TRUE,1
264,Mraz and Sons,Corpus Christi,United States,Texas,4594,"$1,289,212.85 ",FALSE,FALSE,Email,FALSE,Attended,Called in (inbound call),Viewed multiple times,FALSE,0
699,"Gleason, Toy and Ryan",Omaha,United States,Nebraska,3282,"$2,012,551.03 ",TRUE,FALSE,RFQ,FALSE,Attended Multiple events,Call lasted more than 15+ minutes,Viewed,FALSE,0
601,Ernser-Larson,Saginaw,United States,Michigan,1278,"$6,026,412.85 ",TRUE,TRUE,Telephonic,TRUE,Attended Multiple events,Called in (inbound call),Downloaded,TRUE,1
55,"Kub, Botsford and Stiedemann",Dallas,United States,Texas,4722,"$2,056,453.80 ",FALSE,FALSE,Telephonic,FALSE,Registered,Answered,Downloaded,FALSE,0
266,Gusikowski-Robel,Chicago,United States,Illinois,2645,"$8,516,834.40 ",TRUE,TRUE,Dealer,FALSE,Attended,Call lasted more than 15+ minutes,Downloaded,FALSE,1
569,"Hoeger, Klein and Purdy",Bakersfield,United States,California,1349,"$2,854,781.06 ",FALSE,TRUE,Dealer,FALSE,Attended,Call lasted more than 15+ minutes,Downloaded,TRUE,0
599,Stoltenberg-Stracke,Fort Lauderdale,United States,Florida,1960,"$4,423,570.42 ",TRUE,FALSE,Telephonic,TRUE,Registered,Called in (inbound call),Viewed multiple times,TRUE,1
961,Ryan LLC,Baltimore,United States,Maryland,888,"$3,736,055.03 ",TRUE,TRUE,RFQ,FALSE,Attended Multiple events,Answered,Viewed,TRUE,1
185,"Schmidt, Wiegand and Bode",Saint Louis,United States,Missouri,1922,"$3,842,833.12 ",TRUE,TRUE,Email,TRUE,Attended,Called in (inbound call),Downloaded,TRUE,1
192,Spencer-Jacobs,Baton Rouge,United States,Louisiana,1187,"$850,655.25 ",FALSE,FALSE,Email,TRUE,Attended,Answered,Viewed multiple times,FALSE,0
258,"Graham, Nienow and Stiedemann",Arlington,United States,Texas,2481,"$2,435,146.87 ",FALSE,FALSE,RFQ,FALSE,Attended,Answered,Downloaded,FALSE,0
778,Lemke and Sons,Washington,United States,District of Columbia,3053,"$3,604,811.94 ",TRUE,TRUE,Telephonic,TRUE,Attended Multiple events,Answered,Viewed,TRUE,1
73,"Gorczany, Cormier and King",Columbus,United States,Mississippi,4719,"$9,266,155.13 ",TRUE,FALSE,Email,TRUE,Registered,Answered,Viewed,TRUE,1
321,"Littel, Brakus and Lakin",Houston,United States,Texas,3641,"$569,628.38 ",FALSE,FALSE,Email,FALSE,Attended Multiple events,Call lasted more than 15+ minutes,Viewed multiple times,FALSE,0
50,Wisozk and Sons,Young America,United States,Minnesota,4831,"$3,001,389.77 ",FALSE,FALSE,Email,FALSE,Attended Multiple events,Call lasted more than 2+ minutes,Viewed,FALSE,0
794,"Gusikowski, Braun and Hermiston",Las Vegas,United States,Nevada,4624,"$2,623,604.02 ",FALSE,FALSE,Email,FALSE,Attended,Call lasted more than 2+ minutes,Viewed multiple times,TRUE,0
319,Lang-Kohler,Kansas City,United States,Missouri,2280,"$8,611,057.28 ",TRUE,TRUE,Dealer,TRUE,Attended Multiple events,Call lasted more than 15+ minutes,Downloaded,TRUE,1
115,Rosenbaum LLC,Mansfield,United States,Ohio,2228,"$4,071,228.55 ",TRUE,TRUE,Telephonic,TRUE,Attended Multiple events,Called in (inbound call),Viewed multiple times,FALSE,1
673,Torphy-Osinski,Shreveport,United States,Louisiana,1135,"$747,643.31 ",FALSE,FALSE,RFQ,FALSE,Attended Multiple events,Called in (inbound call),Viewed multiple times,FALSE,0
505,"Ward, Reichert and Mitchell",Bronx,United States,New York,4975,"$1,909,770.30 ",FALSE,FALSE,Email,FALSE,Attended,Answered,Downloaded,FALSE,0
281,Cassin-Bartell,Sacramento,United States,California,1144,"$5,448,282.21 ",TRUE,TRUE,RFQ,TRUE,Registered,Called in (inbound call),Viewed,TRUE,1
208,Von LLC,Kansas City,United States,Missouri,3819,"$1,978,280.01 ",FALSE,FALSE,Telephonic,TRUE,Attended Multiple events,Answered,Downloaded,FALSE,0
957,Kozey Inc,Boise,United States,Idaho,1447,"$3,437,518.31 ",TRUE,TRUE,Dealer,TRUE,Attended,Answered,Downloaded,TRUE,1
466,Wisozk Inc,Buffalo,United States,New York,1151,"$4,525,550.54 ",TRUE,TRUE,Email,TRUE,Registered,Call lasted more than 15+ minutes,Viewed multiple times,TRUE,1
327,Labadie-Hamill,Clearwater,United States,Florida,2868,"$3,859,525.15 ",FALSE,TRUE,RFQ,TRUE,Attended Multiple events,Call lasted more than 15+ minutes,Viewed multiple times,TRUE,1
235,Reichel LLC,Vancouver,United States,Washington,3471,"$2,799,104.63 ",FALSE,FALSE,Telephonic,TRUE,Attended,Answered,Viewed,FALSE,0
718,"Hyatt, Willms and DuBuque",Portland,United States,Oregon,3716,"$8,807,662.28 ",TRUE,TRUE,Dealer,TRUE,Attended,Called in (inbound call),Downloaded,FALSE,1
870,Wunsch Inc,Seattle,United States,Washington,3774,"$2,785,362.96 ",FALSE,FALSE,Dealer,FALSE,Attended Multiple events,Answered,Viewed,TRUE,0
892,Hirthe and Sons,New York City,United States,New York,504,"$6,844,487.00 ",TRUE,TRUE,Email,TRUE,Attended,Call lasted more than 2+ minutes,Downloaded,FALSE,1
6,Haag-Hirthe,Orlando,United States,Florida,3978,"$7,608,854.77 ",TRUE,TRUE,Telephonic,TRUE,Registered,Call lasted more than 15+ minutes,Viewed,TRUE,1
605,VonRueden-Moen,Hartford,United States,Connecticut,4204,"$3,181,489.66 ",FALSE,FALSE,Dealer,FALSE,Attended Multiple events,Answered,Viewed multiple times,FALSE,0
266,Moen-Jacobson,Columbus,United States,Ohio,3316,"$2,559,384.28 ",FALSE,FALSE,Email,FALSE,Attended,Call lasted more than 15+ minutes,Viewed,TRUE,0
83,Volkman-Murazik,Mobile,United States,Alabama,4312,"$7,752,510.91 ",TRUE,FALSE,Telephonic,FALSE,Registered,Answered,Downloaded,FALSE,1
355,Hilpert and Sons,Lancaster,United States,Pennsylvania,4198,"$8,136,355.76 ",TRUE,TRUE,Telephonic,TRUE,Registered,Answered,Viewed multiple times,TRUE,1
953,"Morar, Dibbert and Mayer",San Diego,United States,California,2222,"$6,026,683.38 ",FALSE,TRUE,Dealer,TRUE,Attended Multiple events,Call lasted more than 15+ minutes,Downloaded,TRUE,1
65,Hintz-Nicolas,Cumming,United States,Georgia,2847,"$6,742,595.00 ",TRUE,TRUE,Dealer,FALSE,Attended,Answered,Viewed,TRUE,1
759,"Schinner, Mueller and Moore",Jacksonville,United States,Florida,1416,"$4,007,169.62 ",TRUE,FALSE,RFQ,TRUE,Attended,Call lasted more than 2+ minutes,Viewed multiple times,TRUE,1
906,"Emmerich, Gottlieb and Brakus",Philadelphia,United States,Pennsylvania,3176,"$4,191,750.27 ",TRUE,TRUE,Dealer,TRUE,Attended,Called in (inbound call),Viewed multiple times,TRUE,1
202,Schaden LLC,Oklahoma City,United States,Oklahoma,817,"$7,509,378.54 ",FALSE,TRUE,RFQ,TRUE,Registered,Called in (inbound call),Viewed multiple times,FALSE,1
32,"Stark, Weissnat and Moore",Lansing,United States,Michigan,3193,"$364,496.61 ",FALSE,FALSE,Email,TRUE,Attended Multiple events,Answered,Viewed multiple times,FALSE,0
340,Kunze-Ledner,Los Angeles,United States,California,687,"$2,301,999.93 ",FALSE,FALSE,Telephonic,FALSE,Registered,Call lasted more than 15+ minutes,Downloaded,TRUE,0
493,Bednar LLC,Inglewood,United States,California,1148,"$3,180,670.66 ",TRUE,FALSE,RFQ,TRUE,Registered,Call lasted more than 2+ minutes,Viewed multiple times,FALSE,0
512,Schuppe and Sons,Huntsville,United States,Alabama,659,"$5,296,890.11 ",TRUE,TRUE,Email,TRUE,Attended,Called in (inbound call),Viewed,TRUE,1
29,Schoen-Casper,Richmond,United States,Virginia,4379,"$2,686,653.09 ",FALSE,FALSE,Telephonic,FALSE,Attended Multiple events,Called in (inbound call),Downloaded,FALSE,0
236,White-Marquardt,Little Rock,United States,Arkansas,503,"$8,149,607.77 ",TRUE,FALSE,Email,FALSE,Attended,Answered,Viewed,TRUE,1
787,Runte-Goodwin,Joliet,United States,Illinois,2594,"$5,962,729.87 ",TRUE,TRUE,Email,TRUE,Registered,Answered,Downloaded,TRUE,1
527,Yundt Inc,Phoenix,United States,Arizona,647,"$9,697,443.39 ",TRUE,TRUE,Email,TRUE,Attended,Call lasted more than 15+ minutes,Viewed,TRUE,1
421,Krajcik-Brekke,Charleston,United States,South Carolina,4409,"$674,907.62 ",FALSE,FALSE,Email,FALSE,Registered,Answered,Downloaded,FALSE,0
171,"Leuschke, Hauck and Johnston",Stockton,United States,California,4759,"$9,744,259.76 ",TRUE,TRUE,Dealer,TRUE,Registered,Called in (inbound call),Viewed,TRUE,1
924,"Windler, Casper and Ondricka",Denver,United States,Colorado,1298,"$8,031,443.91 ",TRUE,TRUE,Telephonic,TRUE,Attended Multiple events,Call lasted more than 15+ minutes,Downloaded,TRUE,1
645,"Mante, Schuppe and O'Keefe",Evanston,United States,Illinois,4560,"$3,054,144.13 ",FALSE,FALSE,Email,FALSE,Attended,Called in (inbound call),Viewed multiple times,FALSE,0
627,Connelly-Jenkins,San Francisco,United States,California,1921,"$7,965,467.98 ",TRUE,TRUE,Telephonic,TRUE,Registered,Called in (inbound call),Downloaded,TRUE,1
867,"Hilpert, Schulist and Lynch",San Antonio,United States,Texas,3086,"$7,733,269.92 ",TRUE,TRUE,Dealer,TRUE,Attended Multiple events,Call lasted more than 15+ minutes,Viewed multiple times,TRUE,1
650,"Kshlerin, Crooks and Green",Los Angeles,United States,California,1671,"$9,893,756.14 ",TRUE,TRUE,RFQ,TRUE,Registered,Call lasted more than 2+ minutes,Downloaded,TRUE,1
46,"Towne, Trantow and Nader",Peoria,United States,Illinois,2503,"$6,511,362.89 ",TRUE,FALSE,Email,TRUE,Registered,Answered,Viewed multiple times,TRUE,1
464,Medhurst-Howell,New York City,United States,New York,4688,"$3,993,353.94 ",TRUE,TRUE,Email,TRUE,Attended Multiple events,Call lasted more than 15+ minutes,Viewed multiple times,TRUE,1
571,"Leffler, Reinger and Kovacek",Hartford,United States,Connecticut,2433,"$5,790,846.17 ",TRUE,TRUE,RFQ,TRUE,Registered,Call lasted more than 15+ minutes,Viewed,FALSE,1
744,Grant Inc,Anaheim,United States,California,1347,"$6,112,901.46 ",TRUE,FALSE,RFQ,TRUE,Attended,Call lasted more than 2+ minutes,Viewed multiple times,TRUE,1
693,Wilderman-Jast,San Antonio,United States,Texas,2139,"$3,658,041.50 ",TRUE,TRUE,Email,TRUE,Registered,Call lasted more than 15+ minutes,Downloaded,TRUE,1
677,Mueller-McCullough,Colorado Springs,United States,Colorado,1050,"$2,111,099.96 ",FALSE,FALSE,Email,FALSE,Attended,Called in (inbound call),Viewed,FALSE,0
757,"Pollich, Swift and Bailey",San Jose,United States,California,2998,"$4,496,927.02 ",TRUE,TRUE,Email,TRUE,Attended,Call lasted more than 15+ minutes,Downloaded,FALSE,1
853,Kassulke-Paucek,Lehigh Acres,United States,Florida,2408,"$9,936,349.60 ",TRUE,TRUE,Dealer,TRUE,Attended Multiple events,Answered,Viewed multiple times,TRUE,1
608,Fahey and Sons,San Diego,United States,California,2745,"$8,440,917.84 ",TRUE,TRUE,Dealer,TRUE,Attended Multiple events,Answered,Downloaded,TRUE,1
538,Stiedemann Group,Seattle,United States,Washington,4394,"$6,593,452.86 ",TRUE,TRUE,RFQ,TRUE,Registered,Call lasted more than 2+ minutes,Downloaded,TRUE,1
523,"Boyer, Fahey and Gaylord",Tucson,United States,Arizona,4979,"$3,354,517.43 ",FALSE,FALSE,Telephonic,FALSE,Attended,Called in (inbound call),Downloaded,FALSE,0
225,"Paucek, Hamill and O'Conner",Toledo,United States,Ohio,4831,"$8,408,251.67 ",TRUE,TRUE,Dealer,TRUE,Attended Multiple events,Called in (inbound call),Viewed multiple times,TRUE,1
470,Cummerata-Hintz,Salt Lake City,United States,Utah,812,"$8,088,147.21 ",TRUE,TRUE,Email,TRUE,Attended,Called in (inbound call),Viewed multiple times,TRUE,1
37,Hansen LLC,Sacramento,United States,California,1463,"$1,474,935.98 ",FALSE,FALSE,Dealer,FALSE,Registered,Called in (inbound call),Downloaded,FALSE,0
734,"Strosin, Collier and Reichel",Lawrenceville,United States,Georgia,4282,"$169,772.90 ",FALSE,FALSE,RFQ,FALSE,Registered,Answered,Viewed,FALSE,0
648,McKenzie-Keeling,Dallas,United States,Texas,3756,"$8,978,194.31 ",FALSE,TRUE,Email,TRUE,Attended Multiple events,Call lasted more than 2+ minutes,Viewed multiple times,FALSE,1
72,Lebsack and Sons,Richmond,United States,Virginia,836,"$7,156,580.78 ",FALSE,TRUE,Dealer,TRUE,Attended Multiple events,Call lasted more than 15+ minutes,Downloaded,FALSE,1
24,"Langosh, Hoeger and Williamson",Buffalo,United States,New York,2846,"$7,384,978.03 ",TRUE,TRUE,Dealer,TRUE,Registered,Call lasted more than 15+ minutes,Viewed,TRUE,1
192,Klocko and Sons,Dallas,United States,Texas,1083,"$9,926,415.78 ",TRUE,FALSE,Telephonic,TRUE,Registered,Called in (inbound call),Viewed multiple times,FALSE,1
52,"Wiza, Goldner and Herzog",Louisville,United States,Kentucky,2739,"$4,108,175.90 ",TRUE,TRUE,Telephonic,TRUE,Attended Multiple events,Answered,Viewed,TRUE,1
602,Swaniawski-Moore,Portland,United States,Oregon,3871,"$3,279,178.71 ",FALSE,FALSE,RFQ,TRUE,Attended Multiple events,Called in (inbound call),Downloaded,FALSE,0
18,"Lemke, Rohan and McClure",Chicago,United States,Illinois,912,"$3,421,606.43 ",TRUE,FALSE,Dealer,FALSE,Attended,Answered,Downloaded,FALSE,1
837,Roberts and Sons,Wilmington,United States,Delaware,2966,"$8,151,173.07 ",TRUE,TRUE,RFQ,TRUE,Registered,Call lasted more than 2+ minutes,Downloaded,TRUE,1
795,Green Group,Chattanooga,United States,Tennessee,2596,"$7,336,760.49 ",FALSE,TRUE,Dealer,TRUE,Attended,Call lasted more than 2+ minutes,Viewed,TRUE,1
77,Lemke-Kuhic,Springfield,United States,Ohio,2240,"$7,566,570.34 ",TRUE,FALSE,Dealer,TRUE,Attended Multiple events,Call lasted more than 15+ minutes,Viewed multiple times,TRUE,1
28,"Lang, Hudson and Wintheiser",Lafayette,United States,Louisiana,2113,"$5,596,553.95 ",TRUE,TRUE,Dealer,TRUE,Attended Multiple events,Call lasted more than 15+ minutes,Viewed,TRUE,1
198,Stoltenberg-Moore,Denton,United States,Texas,1261,"$6,512,101.45 ",FALSE,TRUE,Dealer,TRUE,Attended,Call lasted more than 2+ minutes,Viewed multiple times,TRUE,1
728,"West, Aufderhar and Hahn",Louisville,United States,Kentucky,883,"$5,758,136.60 ",TRUE,TRUE,Telephonic,TRUE,Attended Multiple events,Call lasted more than 2+ minutes,Viewed multiple times,TRUE,1
